Country,Listeners,Revenue,Plays,Top Songs,Plays by Song,Artist,Album,Genre,Release Date,Duration,Popularity,Album Sales,Streams
India,5500000,2200000,11000000,Ninna Sanihake,3200000,Santhosh Ananddram,Romantic Hits,Romance,2024-01-10,4:20,96,52000,16000000
India,5000000,2000000,10000000,Hosabelaku,3000000,Vijay Prakash,Melodic Hits,Pop,2024-02-15,3:55,94,50000,15000000
India,4800000,1900000,9600000,Yaarige Yaaru,2800000,Raghu Dixit,Top Tunes,Folk,2024-03-05,4:00,92,48000,14000000
India,4600000,1800000,9200000,O Manase,2700000,Chandan Shetty,Melodic Hits,Pop,2024-04-10,3:50,90,46000,13000000
India,4400000,1700000,8800000,Premate,2600000,Arjun Janya,Romantic Hits,Romance,2024-05-20,4:15,88,44000,12000000
India,4200000,1600000,8400000,Neene Nanna,2500000,Trio Brothers,Melodic Beats,Pop,2024-06-15,3:45,86,42000,11000000
India,4000000,1500000,8000000,Mannina Mutt,2400000,Harish Raghavendra,Top Hits,Folk,2024-07-10,4:05,84,40000,10000000
India,3800000,1400000,7600000,Ishtam Nodu,2300000,Ananya Bhat,Romantic Hits,Romance,2024-08-05,4:10,82,38000,9500000
India,3600000,1300000,7200000,Kannada Rasas,2200000,Mano,Melodic Hits,Pop,2024-09-01,3:50,80,36000,9000000
India,3400000,1200000,6800000,Chaitra,2100000,Shreya Ghoshal,Romantic Hits,Romance,2024-10-15,4:00,78,34000,8500000
India,3200000,1100000,6400000,Nanage Neenu,2000000,Vijay Prakash,Top Hits,Pop,2024-11-10,3:45,76,32000,8000000
India,3000000,1000000,6000000,Thandav,1900000,Sonu Nigam,Melodic Hits,Pop,2024-12-05,3:55,74,30000,7500000
India,2900000,950000,5800000,Chanda Chanda,1800000,Santhosh Ananddram,Romantic Hits,Romance,2024-01-25,4:10,73,29000,7000000
India,2800000,900000,5600000,Hosa Hejje,1700000,Chandan Shetty,Top Tunes,Folk,2024-02-20,3:40,72,28000,6500000
India,2700000,850000,5400000,Minchu,1600000,Raghu Dixit,Melodic Beats,Pop,2024-03-15,3:50,71,27000,6000000
India,2600000,800000,5200000,Baayi,1500000,Arjun Janya,Romantic Hits,Romance,2024-04-25,4:00,70,26000,5500000
India,2500000,750000,5000000,Aaseya,1400000,Harish Raghavendra,Top Hits,Folk,2024-05-30,4:10,69,25000,5000000
India,2400000,700000,4800000,Shreeganesha,1300000,Ananya Bhat,Melodic Hits,Pop,2024-06-15,3:45,68,24000,4500000
India,2300000,650000,4600000,Kanne Kanne,1200000,Trio Brothers,Romantic Hits,Romance,2024-07-25,4:00,67,23000,4000000
India,2200000,600000,4400000,Kalidasa,1100000,Vijay Prakash,Top Hits,Pop,2024-08-30,3:55,66,22000,3500000
India,2100000,550000,4200000,Manasa,1000000,Shreya Ghoshal,Melodic Beats,Pop,2024-09-15,4:05,65,21000,3000000
India,2000000,500000,4000000,Naa Ninna,900000,Santhosh Ananddram,Romantic Hits,Romance,2024-10-05,4:10,64,20000,2500000
India,1900000,450000,3800000,Honnudi,800000,Chandan Shetty,Top Tunes,Folk,2024-11-01,4:00,63,19000,2000000
India,1800000,400000,3600000,Hosa Hejje,700000,Raghu Dixit,Melodic Hits,Pop,2024-12-20,3:50,62,18000,1500000
India,1700000,350000,3400000,Yaava,600000,Arjun Janya,Romantic Hits,Romance,2023-12-15,4:15,61,17000,1000000
India,1600000,300000,3200000,Sundara,500000,Harish Raghavendra,Top Hits,Folk,2023-11-25,3:40,60,16000,900000
India,1500000,250000,3000000,Gejje,400000,Ananya Bhat,Melodic Beats,Pop,2023-10-10,4:00,59,15000,800000
India,1400000,200000,2800000,Chanda,300000,Trio Brothers,Romantic Hits,Romance,2023-09-05,4:10,58,14000,700000
India,1300000,150000,2600000,Raaga,200000,Vijay Prakash,Top Hits,Pop,2023-08-20,3:50,57,13000,600000
India,1200000,100000,2400000,Mangala,100000,Shreya Ghoshal,Melodic Hits,Pop,2023-07-15,4:05,56,12000,500000
India,5500000,2200000,11000000,Ninna Sanihake,3200000,Santhosh Ananddram,Romantic Hits,Romance,2024-01-10,4:20,96,52000,16000000
India,5000000,2000000,10000000,Hosabelaku,3000000,Vijay Prakash,Melodic Hits,Pop,2024-02-15,3:55,94,50000,15000000
India,4800000,1900000,9600000,Yaarige Yaaru,2800000,Raghu Dixit,Top Tunes,Folk,2024-03-05,4:00,92,48000,14000000
India,4600000,1800000,9200000,O Manase,2700000,Chandan Shetty,Melodic Hits,Pop,2024-04-10,3:50,90,46000,13000000
India,4400000,1700000,8800000,Premate,2600000,Arjun Janya,Romantic Hits,Romance,2024-05-20,4:15,88,44000,12000000
India,4200000,1600000,8400000,Neene Nanna,2500000,Trio Brothers,Melodic Beats,Pop,2024-06-15,3:45,86,42000,11000000
India,4000000,1500000,8000000,Mannina Mutt,2400000,Harish Raghavendra,Top Hits,Folk,2024-07-10,4:05,84,40000,10000000
India,3800000,1400000,7600000,Ishtam Nodu,2300000,Ananya Bhat,Romantic Hits,Romance,2024-08-05,4:10,82,38000,9500000
India,3600000,1300000,7200000,Kannada Rasas,2200000,Mano,Melodic Hits,Pop,2024-09-01,3:50,80,36000,9000000
India,3400000,1200000,6800000,Chaitra,2100000,Shreya Ghoshal,Romantic Hits,Romance,2024-10-15,4:00,78,34000,8500000
India,3200000,1100000,6400000,Nanage Neenu,2000000,Vijay Prakash,Top Hits,Pop,2024-11-10,3:45,76,32000,8000000
India,3000000,1000000,6000000,Thandav,1900000,Sonu Nigam,Melodic Hits,Pop,2024-12-05,3:55,74,30000,7500000
India,2900000,950000,5800000,Chanda Chanda,1800000,Santhosh Ananddram,Romantic Hits,Romance,2024-01-25,4:10,73,29000,7000000
India,2800000,900000,5600000,Hosa Hejje,1700000,Chandan Shetty,Top Tunes,Folk,2024-02-20,3:40,72,28000,6500000
India,2700000,850000,5400000,Minchu,1600000,Raghu Dixit,Melodic Beats,Pop,2024-03-15,3:50,71,27000,6000000
India,2600000,800000,5200000,Baayi,1500000,Arjun Janya,Romantic Hits,Romance,2024-04-25,4:00,70,26000,5500000
India,2500000,750000,5000000,Aaseya,1400000,Harish Raghavendra,Top Hits,Folk,2024-05-30,4:10,69,25000,5000000
India,2400000,700000,4800000,Shreeganesha,1300000,Ananya Bhat,Melodic Hits,Pop,2024-06-15,3:45,68,24000,4500000
India,2300000,650000,4600000,Kanne Kanne,1200000,Trio Brothers,Romantic Hits,Romance,2024-07-25,4:00,67,23000,4000000
India,2200000,600000,4400000,Kalidasa,1100000,Vijay Prakash,Top Hits,Pop,2024-08-30,3:55,66,22000,3500000
India,2100000,550000,4200000,Manasa,1000000,Shreya Ghoshal,Melodic Beats,Pop,2024-09-15,4:05,65,21000,3000000
India,2000000,500000,4000000,Naa Ninna,900000,Santhosh Ananddram,Romantic Hits,Romance,2024-10-05,4:10,64,20000,2500000
India,1900000,450000,3800000,Honnudi,800000,Chandan Shetty,Top Tunes,Folk,2024-11-01,4:00,63,19000,2000000
India,1800000,400000,3600000,Hosa Hejje,700000,Raghu Dixit,Melodic Hits,Pop,2024-12-20,3:50,62,18000,1500000
India,1700000,350000,3400000,Yaava,600000,Arjun Janya,Romantic Hits,Romance,2023-12-15,4:15,61,17000,1000000
India,1600000,300000,3200000,Sundara,500000,Harish Raghavendra,Top Hits,Folk,2023-11-25,3:40,60,16000,900000
India,1500000,250000,3000000,Gejje,400000,Ananya Bhat,Melodic Beats,Pop,2023-10-10,4:00,59,15000,800000
India,1400000,200000,2800000,Chanda,300000,Trio Brothers,Romantic Hits,Romance,2023-09-05,4:10,58,14000,700000
India,1300000,150000,2600000,Raaga,200000,Vijay Prakash,Top Hits,Pop,2023-08-20,3:50,57,13000,600000
India,1200000,100000,2400000,Mangala,100000,Shreya Ghoshal,Melodic Hits,Pop,2023-07-15,4:05,56,12000,500000
United States,2500000,1200000,5000000,Kanada Hits,1500000,Ravi Kumar,International Hits,Pop,2024-01-15,3:45,85,30000,5000000
United Kingdom,2200000,1100000,4400000,Chandini,1300000,Geetha Prakash,European Sounds,Pop,2024-02-25,4:00,80,28000,4500000
Canada,2000000,1000000,4000000,Enna Solla,1200000,Manu Vaidya,Top Tunes,Pop,2024-03-20,3:55,75,26000,4000000
Australia,1800000,900000,3600000,Ninna Ninna,1100000,Anita Desai,Melodic Beats,Pop,2024-04-05,4:10,70,24000,3500000
Germany,1700000,850000,3400000,Hosa Hosa,1000000,Chris Sundar,Romantic Hits,Pop,2024-05-10,3:50,68,22000,3000000
France,1600000,800000,3200000,Yaaru Yaaru,900000,Kumar Swamy,International Hits,Pop,2024-06-15,4:05,65,20000,2500000
Japan,1500000,750000,3000000,Prema Prema,800000,Naomi Tanaka,Top Tunes,Pop,2024-07-20,3:55,62,18000,2000000
Brazil,1400000,700000,2800000,Kannada Rhythms,700000,Lucas Silva,Melodic Beats,Pop,2024-08-10,4:00,60,16000,1500000
South Africa,1300000,650000,2600000,Hosabelaku,600000,Thabo Mokoena,Top Hits,Folk,2024-09-05,4:15,58,15000,1000000
Russia,1200000,600000,2400000,Ninna Sanihake,500000,Yulia Ivanova,Melodic Hits,Pop,2024-10-10,3:50,55,14000,900000